Student Name,Grade
Aaron Ellis,11
Ada Rose,11
Adela Alford,12
Adolfo Melendez,11
Aimee Mathews,9
Aisha Mccall,11
Al Valentine,9
Alexander Compton,11
Alexis Patrick,11
Alfonso Barry,10
Alfonso Manning,9
Alice Buck,12
Allie Hunt,9
Alton Chan,12
Amelia Benson,11
Amie Swanson,12
Amparo Estrada,9
Amparo Marsh,10
Amy Cooley,12
Amy Durham,12
Amy Phillips,9
Amy Sutton,11
Annette Hunt,9
Annmarie Joyce,11
Antoine Blackburn,9
Antonio Mckay,9
Araceli Sims,11
Ashlee Mccall,12
Aubrey Riggs,11
Audra Jordan,11
Barbra Guzman,11
Benita Bray,12
Benito Craft,10
Benjamin Brooks,12
Bernard Ryan,11
Beryl Hendricks,12
Bianca Goodman,11
Blake Kirkland,12
Blake Wynn,9
Bob Baird,12
Bobbi Burnett,12
Bradford Hill,10
Brady Lancaster,10
Brandie Shepard,11
Brandon Collins,9
Brandy Preston,9
Brianna Sellers,10
Bridgett Kemp,9
Bridgette Mosley,11
Brittany Moore,10
Carissa Cross,10
Carmen Cooley,9
Cary Klein,10
Cathryn Phillips,10
Cathy Clay,12
Cedric Cash,9
Celeste Clayton,11
Cheryl Holt,10
Chester Kramer,12
Christi Mckenzie,10
Christina Chambers,10
Clarence Mclaughlin,11
Clifford Garner,9
Corina Beck,9
Corine Wynn,12
Cornelia Boone,10
Courtney Matthews,10
Dale Hardy,9
Dave Bruce,9
Dean Buck,10
Debbie Webster,12
Delia Ellis,12
Devin Cooke,10
Devon Sutton,9
Dionne Langley,12
Dixie Harrell,11
Dwight Holloway,11
Ebony Kinney,12
Edward Lindsey,12
Effie Fox,11
Elbert Callahan,10
Eli Guerrero,12
Elizabeth Allison,12
Elizabeth Morin,11
Ellis Witt,10
Eloise Lane,12
Emma Dalton,9
Enid Holloway,10
Enrique Haynes,10
Ernie Cantrell,11
Erwin Mcintosh,9
Erwin Miller,9
Esperanza Hernandez,11
Estelle Lyons,11
Evangelina Bowers,11
Faith Burns,10
Faye Winters,9
Florine Cash,10
Francis Slater,9
Frank Levine,12
Fredrick Lucas,11
Garland Henson,9
Gerardo Sellers,10
Gertrude Vinson,11
Gordon Mcintyre,9
Grace Singleton,11
Gracie Bond,12
Grady Bailey,11
Gretchen Cherry,10
Gretchen Mendoza,9
Gwen Giles,10
Harold Dejesus,12
Hattie Sawyer,12
Heidi Glover,10
Henry Sanford,11
Herbert Hanson,9
Herman Fox,12
Hugo Farrell,12
Imogene Dennis,9
Ines Nguyen,11
Ingrid Beasley,9
Irene Rich,9
Isaac Larson,10
Iva Valdez,9
Jack Conley,9
Jackie Hoover,9
Janette Lynn,11
Jannie Donaldson,12
Jannie Wright,9
Jared Greer,11
Jay Martinez,11
Jayne Bridges,11
Jayne Cline,10
Jeannie Lara,12
Jennifer Pierce,12
Jennifer Rivera,11
Jeremy Warren,10
Jerome Lloyd,12
Jerri Livingston,11
Jerry Shepherd,10
Jessie Marquez,11
Jim Conley,12
Jim Massey,10
Joan Hines,10
Joanna Henry,9
Joe Mccullough,9
Joe Sparks,9
Jonathan Weiss,12
Jordan Mcclure,12
Jorge Garza,9
Jorge Hull,12
Julian Osborne,12
Juliet Hodges,9
Julio Conley,12
Kasey Orr,11
Kay Buchanan,10
Kaye Burnett,9
Kayla Frazier,9
Keisha Francis,11
Kelly Singleton,10
Ken Richards,11
Kirsten Matthews,10
Lacy Green,12
Ladonna Hickman,11
Latisha Hernandez,11
Latonya Austin,11
Laurel House,9
Lavonne Rowe,9
Leann Potter,9
Leann Waller,12
Leanna Hahn,10
Lee Waters,12
Lelia Irwin,12
Lelia Newman,10
Lena Ryan,11
Lidia Roach,10
Lillie Erickson,10
Lindsey Kramer,9
Lois Vaughan,12
Loraine Parrish,12
Lorena Mitchell,9
Lorene Bryant,9
Lourdes Farmer,9
Lowell Briggs,9
Luther Bray,12
Luther Preston,10
Magdalena Poole,12
Marcella Lowe,12
Marci Wolf,10
Marcie Porter,11
Margret Huffman,12
Mari Mcmillan,9
Maria Miranda,11
Marilyn Russell,11
Marion Perez,12
Marisa Logan,10
Marisol Blanchard,11
Marissa Castro,10
Marlon Alford,9
Marlon Richard,12
Martin Mckenzie,12
Marvin Benson,9
Maryanne Stevens,9
Marylou Cruz,12
Maura Lowe,12
Maura Parker,9
Meagan Weber,10
Mercedes Weber,10
Mercedes Wilder,12
Merle Delacruz,10
Micah Holloway,10
Michele Schmidt,10
Michelle Blake,10
Miguel Goodman,11
Mike Steele,9
Mitchell Goodwin,10
Mitchell Le,9
Molly Melendez,11
Neal Merritt,9
Neil Calhoun,9
Neil Morin,12
Nell Peterson,9
Nettie Boyer,12
Noah Hahn,9
Ora Mejia,11
Orville Byers,11
Paige Myers,12
Pearl Ayala,10
Phillip Guzman,10
Polly Chase,10
Preston Allen,10
Quentin Patton,10
Ramona Dickerson,9
Randi Pennington,10
Randolph Morse,11
Ray Quinn,12
Reba Parrish,10
Renee Glover,12
Robert Palmer,12
Robin Casey,11
Roderick Stewart,9
Rodger Wiley,9
Rodney Coffey,9
Rosalyn Kelly,12
Rosemarie Richards,9
Roslyn Vaughn,10
Rowena Camacho,12
Roxie Tanner,9
Rudolph Graham,10
Salvador Burch,9
Selena Stokes,9
Shari Hill,10
Shawna Adkins,9
Shawna Sampson,11
Simone Massey,9
Sofia Farrell,10
Sophie Chan,12
Staci Bush,12
Stella Livingston,11
Steve Velez,12
Susanna Washington,11
Tabitha Mitchell,11
Tamera Aguilar,11
Tammie Velasquez,12
Tamra Hammond,11
Taylor Perry,10
Ted Watson,9
Terrance Poole,12
Terrence Hopper,10
Terry Mills,10
Thomas Mcgowan,10
Tom Kirk,10
Tracy Mcclure,11
Tyler May,9
Vincent Underwood,9
Vivian Cooke,10
Vivian Edwards,9
Vivian Holmes,11
Vonda Long,10
Wallace Griffith,11
Wendell Gibbs,9
Woodrow Bender,9